#identifier	country	group	latitude	longitude	sex	mt_hg
RISE509	Russia	BARu	54,58	90,78	F	T2c1a2
RISE510	Russia	BARu	54,58	90,78	F	J2a2a
RISE511	Russia	BARu	54,58	90,78	F	J2a2a
RISE507	Russia	BARu	51,5	85,97	F	U5a1a1
RISE508	Russia	BARu	51,5	85,97	F	U5a1a1
I0707	Turkey	NENE	40,3	29,57	F	K1a4
I0708	Turkey	NENE	40,3	29,57	M	N1b1a
I0709	Turkey	NENE	40,3	29,57	M	U3
I0736	Turkey	NENE	40,3	29,57	F	N1a1a1a
I0744	Turkey	NENE	40,3	29,57	M	J1c11
I0745	Turkey	NENE	40,3	29,57	M	U8b1b1
I0746	Turkey	NENE	40,3	29,57	M	K1a or K1a1
I1096	Turkey	NENE	40,3	29,57	M	N1a1a1
I1097	Turkey	NENE	40,3	29,57	M	W1-T119C
I1098	Turkey	NENE	40,3	29,57	F	X2d2
I1099	Turkey	NENE	40,3	29,57	M	T2b
I1100	Turkey	NENE	40,3	29,57	F	K1a or K1a6
I1101	Turkey	NENE	40,3	29,57	M	T2b
I1102	Turkey	NENE	40,3	29,57	M	K1a3a
I1103	Turkey	NENE	40,3	29,57	M	K1b1b1
I1579	Turkey	NENE	40,3	29,57	F	K1a-C150T
I1580	Turkey	NENE	40,3	29,57	F	H5
I1581	Turkey	NENE	40,3	29,57	F	U3
I1583	Turkey	NENE	40,3	29,57	M	K1a2
I1585	Turkey	NENE	40,3	29,57	F	J1 or J1c
I0723	Turkey	NENE	40,26	29,65	M	X2m2
I0724	Turkey	NENE	40,26	29,65	M	K1a4
I0725	Turkey	NENE	40,26	29,65	F	N1a1a1
I0726	Turkey	NENE	40,26	29,65	F	H or H5-C16192T
I0727	Turkey	NENE	40,26	29,65	M	K1a2
kum6	Turkey	NENE	39,95	26,2	F	
RISE500	Russia	BARu	53,46	85,45	F	U4d1
RISE503	Russia	BARu	53,46	85,45	F	U2e2
RISE505	Russia	BARu	53,46	85,45	F	U4a1b
RISE512	Russia	BARu	53,46	85,45	M	U2e1
RISE94	Sweden	CWC	56,03	14,23	M	K1a2a
RISE560	Germany	BBC	48,33	10,9	M	U5a1a1
I0059	Germany	BBC	51,82	10,91	F	H1
I0559	Germany	BAC	51,79	11,14	M	HV
I0551	Germany	SMC	51,53	11,83	M	U3a1
RISE00	Estonia	CWC	59,41	27,03	F	H5a1
I0049	Germany	CWC	51,42	11,68	F	X2b4
I0103	Germany	CWC	51,42	11,68	F	W6a
I0104	Germany	CWC	51,42	11,68	M	U4b1a1a1
I0106	Germany	CWC	51,42	11,68	F	T2a1b1
I1532	Germany	CWC	51,42	11,68	M	J1c2e
I1538	Germany	CWC	51,42	11,68	M	J1c5
I1539	Germany	CWC	51,42	11,68	F	J1c1b1a
I1540	Germany	CWC	51,42	11,68	M	J1c5
I1542	Germany	CWC	51,42	11,68	M	J2a2a
I1544	Germany	CWC	51,42	11,68	M	K2b2
RISE446	Germany	CWC	50,01	10,18	M	U5b1c2
RISE434	Germany	CWC	48,93	12,26	M	U4
RISE435	Germany	CWC	48,93	12,26	F	J1b1a1
RISE436	Germany	CWC	48,93	12,26	M	U5b1c2
RISE431	Poland	CWC	52,14	16,54	M	T2e
I0124	Russia	HGE	53,4	50,4	M	U5a1d
I0061	Russia	HGN	61,65	35,65	M	C1
RISE471	Germany	CWC	48,17	10,81	M	J1c1b
GoyetQ116-1	Belgium	HGW	50,26	4,28	M	M
RISE349	Hungary	BAHu	46,36	20,99	F	T2b3
I0046	Germany	LBK	51,9	11,05	F	T2c
I0048	Germany	LBK	51,9	11,05	M	K1a26
I0057	Germany	LBK	51,9	11,05	F	N1a1
I0100	Germany	LBK	51,9	11,05	F	N1a1a1a
I0659	Germany	LBK	51,9	11,05	M	N1a1a2
I0821	Germany	LBK	51,9	11,05	M	X2d1
I1550	Germany	LBK	51,9	11,05	F	K1a2
I0795	Germany	LBK	51,28	11,65	M	H1 or H1au1b
I0797	Germany	LBK	51,28	11,65	M	H46b
I0054	Germany	LBK	51,66	11,53	F	J1c17
I0022	Germany	LBK	48,78	9,18	F	T2e
I0025	Germany	LBK	48,78	9,18	F	T2b
I0026	Germany	LBK	48,78	9,18	F	T2b
I0176	Hungary	LBK	46,4	18,74	F	N1a1a1a3
MA1	Russia	HGE	52,9	103,5	M	
RISE371	Hungary	BAHu	46,22	20,2	F	U5a2b
RISE373	Hungary	BAHu	46,22	20,2	F	K1a2a
RISE374	Hungary	BAHu	46,22	20,2	M	T2b
I0011	Sweden	HGN	58,54	15,05	F	U5a1
I0012	Sweden	HGN	58,54	15,05	M	U2e1
I0013	Sweden	HGN	58,54	15,05	M	U5a1
I0014	Sweden	HGN	58,54	15,05	F	U5a2d
I0015	Sweden	HGN	58,54	15,05	M	U5a2d
I0017	Sweden	HGN	58,54	15,05	M	U2e1
I0371	Russia	BARu	53,34	50,34	M	U2d2
I0126	Russia	BARu	53,31	51,15	M	H6a2
I0440	Russia	BARu	53,38	50,39	M	I3a
I0374	Russia	BARu	49,97	44,67	M	H13a1a
I0432	Russia	BARu	53,66	50,67	M	U5a1c
I0246	Russia	BARu	53,45	50,45	M	C1
I0418	Russia	BARu	53,45	50,45	F	T1a1
I0419	Russia	BARu	53,45	50,45	M	U2e1h
I0122	Russia	YAM	52,22	48,1	M	H2a1
I0433	Russia	YAM	52,22	48,1	M	U5a1i
I0434	Russia	YAM	52,22	48,1	M	U4a2 or U4d
I0247	Russia	SCR	52,43	51,16	M	G2a4
RISE395	Russia	BARu	52,64	59,54	F	U2e1h
RISE386	Russia	BARu	52,45	55,16	M	J1c1b1a
RISE394	Russia	BARu	52,45	55,16	F	U2e1e
RISE392	Russia	BARu	53,88	59,08	M	J2b1a2a
RISE391	Kazakhstan	BARu	50,59	56,83	F	N1a1a1a1
I0422	Russia	SRU	52,54	50,5	F	T1a1
I0232	Russia	SRU	48,1	54,44	M	U5a1f2
I0234	Russia	SRU	53,14	50,01	F	I1a1
I0235	Russia	SRU	53,14	50,01	F	K1b2a
I0430	Russia	SRU	53,08	50,36	M	H3g
I0431	Russia	SRU	53,08	50,36	F	H2b
I0358	Russia	SRU	53,03	50,39	F	H6a1a
I0359	Russia	SRU	53,03	50,39	F	U5a2a1
I0361	Russia	SRU	53,03	50,39	M	H5b
I0424	Russia	SRU	53,12	48,37	M	T2b4
I0423	Russia	SRU	52,54	50,5	M	J2b1a2a
I0354	Russia	SRU	53,03	50,39	F	U5a1
I0174	Hungary	LBK	46,21	18,7	M	N1a1a1
RISE577	Czech Republic	UNC	50,16	14,31	F	T2b
I0115	Germany	UNC	51,42	11,68	F	U5a1i
I0116	Germany	UNC	51,42	11,68	M	W3a1
I0117	Germany	UNC	51,42	11,68	F	I3a
I0164	Germany	UNC	51,79	11,14	F	U5b2a1b
RISE586	Czech Republic	UNC	48,8	17,02	F	K1b1a
RISE150	Poland	UNC	50,92	16,96	F	U5a1b1
RISE154	Poland	UNC	50,95	16,94	F	K1a4a1
RISE109	Poland	UNC	50,98	17,07	F	U4
Ust_Ishim	Russia	HGE	57,7	71,1	M	R*
RISE479	Hungary	BAHu	47,34	18,9	M	T2b
RISE480	Hungary	BAHu	47,34	18,9	F	U5a2a
RISE483	Hungary	BAHu	47,34	18,9	F	H2a1
RISE484	Hungary	BAHu	47,34	18,9	F	T1a1
RISE247	Hungary	BAHu	47,33	18,96	M	H11a
RISE254	Hungary	BAHu	47,33	18,96	M	J1c9
Iboussieres25-1	France	HGW	44,29	4,46	M	U5b2a
Iboussieres31-2	France	HGW	44,29	4,46	M	U5b1
Falkenstein	Germany	HGW	48,06	9,04	M	U5a2c
Rochedane	France	HGW	47,21	6,45	M	U5b2b
RISE550	Russia	YAM	46,56	43,68	M	U5a1i
RISE240	Russia	YAM	46,58	43,68	F	U5a1d1
RISE546	Russia	YAM	46,54	43,7	M	U5a1d2b
RISE552	Russia	YAM	46,62	43,33	M	T2a1a
I0231	Russia	YAM	52,42	48,24	M	U4a1a or U4a1d
I0370	Russia	YAM	51,27	58,18	M	H13a1a1
I0441	Russia	YAM	52,3	52,05	F	H2b
I0444	Russia	YAM	53,31	51,15	M	H6a1b
I0357	Russia	YAM	53,38	50,39	F	W6c
I0429	Russia	YAM	53,38	50,39	M	T2c1a2
I0439	Russia	YAM	53,38	50,39	M	U5a1a1
I0443	Russia	YAM	53,38	50,39	M	W3a1a
I0438	Russia	YAM	53,38	50,38	M	U5a1a1
I0854	Turkey	NENE	40,3	29,56666667	F	N1a1a1a
I0114	Germany	CWC	51,42	11,68	M	I3a
I1541	Germany	CWC	51,42	11,68	M	U2e1a1
I0056	Germany	LBK	51,89	11,04	M	T2b
I0360	Russia	SRU	53,03	50,39	M	U5a1
I0421	Russia	SRU	53,08	50,36	F	H3g
Loschbour	Luxembourg	HGW	49,81	6,4	F	U5b1a
I0050	Germany	CWC	51,42	11,68	U	U5a2d
I0102	Germany	LBK	51,9	11,05	U	N1a1a1a3
I0101	Germany	LBK	51,87	10,9	U	U5a1a
I0166	Germany	LDN	51,9	11,05	U	V1a
I0175	Hungary	LDN	46,2	18,7	U	N1a1a1
I0163	Germany	LDN	51,66	11,53	U	H5b
I0162	Germany	LDN	51,67	11,53	U	H16a'c'd
I0165	Germany	LDN	51,66	11,53	U	U5b1b
I0557	Germany	BAC	51,78333333	11,13333333	U	U5b2a2
I0552	Germany	SMC	51,520005	11,852407	U	H5
I0556	Germany	BAC	51,78333333	11,13333333	U	U8a1
I0554	Germany	SMC	51,53	11,8	U	J1c
I0558	Germany	BAC	51,78333333	11,13333333	U	
I0799	Germany	SCG	51,53305556	11,83305556	U	H1e
I0798	Germany	SCG	51,53305556	11,83305556	U	H10e'f'g
I0800	Germany	SMC	51,53305556	11,83305556	U	H3
I0796	Germany	LBK	51,28305556	11,65	U	H
I0802	Germany	SMC	51,53305556	11,83305556	U	H3
I0820	Germany	LBK	51,89583333	11,04666667	U	W1c'i
I0016	Sweden	HGE	58,535	15,046	U	U5a2
I0027	Germany	LBK	48,78	9,18	U	H40
I0023	Germany	LBK	48,78	9,18	U	H
I0019	Germany	LBK	48,78	9,18	U	HV6'17
I0021	Germany	LBK	48,78	9,18	U	T2b
I0024	Germany	LBK	48,78	9,18	U	W1c'i
I0020	Germany	LBK	48,78	9,18	U	T2e
I0428	Russia	YAM	53,38	50,39	U	W6c
I2450	Great Britain	BBC	51,68	-1,297	F	K1a1b1g
I2416	Great Britain	BBC	51,16	-1,77	M	K1b1a1
I2418	Great Britain	BBC	51,16	-1,77	F	K1a4a1
I2459	Great Britain	BBC	51,16	-1,77	F	T2a1a
I2565	Great Britain	BBC	51,16	-1,77	M	W1+119
I2566	Great Britain	BBC	51,16	-1,77	M	K1b1a1
I2598	Great Britain	BBC	51,16	-1,77	M	H
I2417	Great Britain	BBC	51,16	-1,77	M	J1c
I5379	Great Britain	BBC	50,919204	-2,015441	M	HV0+195
I4950	Great Britain	BBC	51,289876	-1,807234	M	U5a2d1
I2452	Great Britain	BBC	52,15	-0,38	M	H1e1a
I6774	Great Britain	BBC	50,862516	-0,121506	M	H4a1a1a
I4951	Great Britain	BBC	51,24	-1,76	M	K1b1a1
I5512	Great Britain	BBC	51,24	-1,76	F	J1c
I6679	Great Britain	BBC	55,309983	-1,553328	M	J1c1b1
I5513	Great Britain	BBC	51,22	-1,77	M	V
I2454	Great Britain	BBC	52,34	0,03	F	R1a1a
I2455	Great Britain	BBC	52,34	0,03	F	U5a2c3a
I5376	Great Britain	BBC	51,474176	-0,309898	F	H6a1b
I1770	Great Britain	BBC	54,201949	-0,434355	F	U5b1d2
I3255	Great Britain	BBC	52,17	0,1	F	T2b
I3256	Great Britain	BBC	52,17	0,1	M	T2b
I2453	Great Britain	BBC	52,67	-0,35	M	K2a
I6775	Great Britain	BBC	51,121284	-3,075648	M	H1
I6777	Great Britain	BBC	51,147052	-1,812529	M	U4b1b2
I6778	Great Britain	BBC	51,147052	-1,812529	F	K1a26
I1767	Great Britain	BBC	54,522812	-1,308134	M	U5a1a1
I1765	Great Britain	BBC	54,522812	-1,308134	U	N1a1a1a2
I5382	Great Britain	BBC	54,522812	-1,308134	M	T2b
I2443	Great Britain	BBC	51,79568333	-1,319891667	F	T2c1d+152
I2445	Great Britain	BBC	51,79568333	-1,319891667	M	X2b6
I2446	Great Britain	BBC	51,79568333	-1,319891667	F	K1b1a1
I2447	Great Britain	BBC	51,79568333	-1,319891667	M	K1a26
I5385	Great Britain	BBC	58,364762	-3,403508	F	H5
I2568	Great Britain	BBC	55,97	-2,444	M	U5a1b1g
I5367	Great Britain	BBC	56,680948	-6,45982	F	V10
I5471	Great Britain	BBC	55,947339	-2,47072	F	H1c3a
I7249	Czech Republic	BBC	50,19	14,158	M	I2
I7250	Czech Republic	BBC	50,19	14,158	F	R1a1a
I7251	Czech Republic	BBC	50,19	14,158	M	U2e1
I7269	Czech Republic	BBC	50,19	14,158	M	T2e
I7270	Czech Republic	BBC	50,19	14,158	F	K1a2c
I7275	Czech Republic	BBC	50,19	14,158	M	U5b2c
I7276	Czech Republic	BBC	50,19	14,158	M	H5b
I7278	Czech Republic	BBC	50,19	14,158	M	U4a2
I7271	Czech Republic	BBC	50,19	14,158	M	U4a2
I5666	Czech Republic	BBC	50,274015	15,81387	M	U4a2c
I6476	Czech Republic	BBC	50,509507	14,04452	F	U5a1b1
I7281	Czech Republic	BBC	50,044984	14,339296	F	H5a1g
I4946	Czech Republic	BBC	50,0504153	14,3667267	F	I4a
I4895	Czech Republic	BBC	50,0504153	14,3667267	M	H1+16189
I4896	Czech Republic	BBC	50,0504153	14,3667267	F	U5a2+16294
I5514	Czech Republic	BBC	50,0504153	14,3667267	M	T2b+152
I4947	Czech Republic	BBC	50,0504153	14,3667267	M	H17a
I4945	Czech Republic	BBC	50,1217475	14,4569508	F	H4a1c
I4885	Czech Republic	BBC	50,1217475	14,4569508	M	U5a1i
I4886	Czech Republic	BBC	50,1217475	14,4569508	M	H6a
I4888	Czech Republic	BBC	50,1217475	14,4569508	M	K1a2c
I4889	Czech Republic	BBC	50,1217475	14,4569508	M	U4a2
I4890	Czech Republic	BBC	50,1217475	14,4569508	M	H
I4891	Czech Republic	BBC	50,1217475	14,4569508	M	J2a1a2
I4887	Czech Republic	BBC	50,1217475	14,4569508	M	K1a2c
I7205	Czech Republic	BBC	50,410265	14,074597	M	H10+(16093)
I7210	Czech Republic	BBC	50,410265	14,074597	M	H6a1b4
I7211	Czech Republic	BBC	50,410265	14,074597	F	U5b3
I7213	Czech Republic	BBC	50,410265	14,074597	F	HV+16311
I7282	Czech Republic	BBC	50,410265	14,074597	M	K1a3a3
I7286	Czech Republic	BBC	50,410265	14,074597	M	I4a
I7287	Czech Republic	BBC	50,410265	14,074597	M	K1a4a1
I7288	Czech Republic	BBC	50,410265	14,074597	M	H1m
I7289	Czech Republic	BBC	50,410265	14,074597	M	U8b1b1
I7290	Czech Republic	BBC	50,410265	14,074597	F	V3
I7283	Czech Republic	BBC	50,410265	14,074597	F	K1a3a3
I7214	Czech Republic	BBC	50,410265	14,074597	F	U8b1b1
I7212	Czech Republic	BBC	50,410265	14,074597	M	K1b1a1+199
I6468	Czech Republic	BBC	50,166667	14,316667	F	K2b1
I6480	Czech Republic	BBC	50,166667	14,316667	M	U4a2
I5024	Czech Republic	BBC	50,118	14,258	M	H3
I5025	Czech Republic	BBC	50,118	14,258	F	U5b2c
I1392	France	BBC	47,56	7,52	F	H1+152
I1381	France	BBC	49,153	6,102	M	H
I1382	France	BBC	49,153	6,102	M	U5a2c3a
I1391	France	BBC	47,96	7,3	F	J1c4
I1390	France	BBC	47,65	7,45	M	X2b4a
I1389	France	BBC	47,65	7,45	M	X2b4a
I3601	Germany	BBC	48,8833	12,5332	F	H10e
I3602	Germany	BBC	48,8833	12,5332	F	I3a
I3600	Germany	BBC	48,8833	12,5332	F	U5b3
I3599	Germany	BBC	48,8833	12,5332	M	H1e1a
I3588	Germany	BBC	48,8833	12,5332	M	H1e1a
I3589	Germany	BBC	48,8833	12,5332	M	U4d1
I3590	Germany	BBC	48,8833	12,5332	F	H1
I3594	Germany	BBC	48,8833	12,5332	F	T2f
I3592	Germany	BBC	48,8833	12,5332	F	H+16129
I3593	Germany	BBC	48,8833	12,5332	F	H1
I3597	Germany	BBC	48,8833	12,5332	M	T2f
I3587	Germany	BBC	48,8833	12,5332	U	H1e1a
I3596	Germany	BBC	48,8833	12,5332	M	H+16129
I5519	Germany	BBC	48,33	10,895	M	I4a
I5520	Germany	BBC	48,33	10,895	F	K1b2a
I5521	Germany	BBC	48,33	10,895	F	J1b1a1
I5522	Germany	BBC	48,33	10,895	F	J1b1a1
I5017	Germany	BBC	48,33	10,9	F	H46
I4132	Germany	BBC	48,33	10,9	M	U5a1a1
E09568_d	Germany	BBC	48,33	10,9	M	U5b2b
E09613_d	Germany	BBC	48,33	10,9	F	H1
E09614_d	Germany	BBC	48,33	10,9	F	J1c3
I4248	Germany	BBC	48,841	12,75	M	T2b+152
I4249	Germany	BBC	48,841	12,75	F	H5a1
I4250	Germany	BBC	48,841	12,75	F	U5a1a2b
I5833	Germany	BBC	48,841	12,75	M	J1c
I5834	Germany	BBC	48,841	12,75	F	W5
I5655	Germany	BBC	48,841	12,75	F	H5a1
I5658	Germany	BBC	48,841	12,75	F	T2b+152
I5659	Germany	BBC	48,841	12,75	M	K1a4b
I5661	Germany	BBC	48,841	12,75	M	K1b1b1
I5663	Germany	BBC	48,841	12,75	M	U5a2+16294
I6590	Germany	BBC	48,841	12,75	F	X2c1
I6591	Germany	BBC	48,841	12,75	F	U5b2c
I6624	Germany	BBC	48,841	12,75	F	T1a1
I5656	Germany	BBC	48,841	12,75	U	T2g2
I5835	Germany	BBC	48,841	12,75	M	J1c
I5657	Germany	BBC	48,841	12,75	M	T2b+152
I5660	Germany	BBC	48,841	12,75	M	T1a1
I3604	Germany	BBC	48,6639	13,0736	M	HV9
I3607	Germany	BBC	48,6639	13,0736	M	W3a1
I5019	Germany	BBC	48,6639	13,0736	F	K1b1a1
I5523	Germany	BBC	48,663	12,707	F	K1b1a1+199
I5524	Germany	BBC	48,663	12,707	F	H72
I5525	Germany	BBC	48,663	12,707	F	U4b1b2
I5526	Germany	BBC	48,663	12,707	F	H72
I5020	Germany	BBC	48,663	12,707	F	H2a1e
I5014	Germany	BBC	48,711	11,453	F	V
I5527	Germany	BBC	48,711	11,453	F	K2b1a1
I5023	Germany	BBC	48,691	13,016	F	U2e1a1
I5529	Germany	BBC	48,691	13,016	M	HV15
I5021	Germany	BBC	48,691	13,016	M	K1c1
I5022	Germany	BBC	48,691	13,016	M	HV+16311
E09537_d	Germany	BBC	48,32	10,89	F	K1a
E09538	Germany	BBC	48,32	10,89	M	J1c
E09569	Germany	BBC	48,32	10,89	M	J1c2
I5531	Germany	BBC	48,705913	11,325375	F	T2b
I6482	Germany	BBC	48,705913	11,325375	F	U4d2
I5530	Germany	BBC	48,705913	11,325375	M	K1b1a1
I6481	Germany	BBC	48,705913	11,325375	M	U5a1a1
I5836	Germany	BBC	49,652887	8,327682	F	H1b1+16362
I1530	Germany	BBC	51,45	11,54	M	H3ao
I3529	Hungary	BBC	47,62094	19,04494	F	I3a
I3528	Hungary	BBC	47,62094	19,04494	M	HV4a1+16291
I2364	Hungary	BBC	47,59916	19,05456	M	U5a2b
I2365	Hungary	BBC	47,59916	19,05456	M	V3
I5015	Hungary	BBC	47,59916	19,05456	F	H1aj
I7044	Hungary	BBC	47,429954	19,051966	M	U5b1d1b
I7045	Hungary	BBC	47,429954	19,051966	F	T2c1d+152
I2741	Hungary	BBC	47,383224	19,020252	M	H1+16189
I2786	Hungary	BBC	47,383224	19,020252	M	I1
I2787	Hungary	BBC	47,383224	19,020252	M	T2b
I4178	Hungary	BBC	47,383224	19,020252	M	J1c1b1a
I6580	Poland	BBC	50,87	16,86	M	K1a1b2b
I6534	Poland	BBC	50,09	18,1	M	T2e1
I6582	Poland	BBC	50,09	18,1	F	U5a2b
I6535	Poland	BBC	50,09	18,1	M	U5a2b
I6581	Poland	BBC	50,09	18,1	M	H6a1a
I4251	Poland	BBC	50,649	21,656	M	H1
I4252	Poland	BBC	50,649	21,656	M	U5a1a1
I4253	Poland	BBC	50,649	21,656	M	U5a2c
I6538	Poland	BBC	50,91	16,79	F	H40
I6583	Poland	BBC	50,96	17,02	F	U5b1c2
I5755	Switzerland	BBC	46,231707	7,351237	M	K2b1a
I5757	Switzerland	BBC	46,231707	7,351237	M	H3af
I5759	Switzerland	BBC	46,231707	7,351237	F	U2e1c1
I4229	Portugal	BBC	39,09	-9,25	M	U5a2+16362
I0839	Portugal	BBC	39,5	-8,616666667	F	-
I0840	Portugal	BBC	39,5	-8,616666667	F	U5b1i
I1970	Portugal	BBC	38,875	-9,075	M	X2b+226
I6467	Portugal	BBC	38,875	-9,075	F	K1a4a1
I6466	Portugal	BBC	38,875	-9,075	M	K1b1a1
I0458	Spain	BBC	42,4	-3,75	M	K1a1b1
I0460	Spain	BBC	42,4	-3,75	M	H45
I0459	Spain	BBC	42,4	-3,75	F	U5b2b
I0461	Spain	BBC	42,4	-3,75	F	K1a1b1
I0462	Spain	BBC	42,4	-3,75	F	K1a+195
I5665	Spain	BBC	42,72503	-3,844537	M	K1a24a
I4245	Spain	BBC	40,426	-3,535	F	L1b1a
I4247	Spain	BBC	40,426	-3,535	F	T2b3
I6542	Spain	BBC	40,439	-3,501	M	U5b1i
I6626	Spain	BBC	40,439	-3,501	U	H1
I6622	Spain	BBC	40,439	-3,501	M	U5b1i
I6623	Spain	BBC	40,439	-3,501	F	U5b1f1a
I6539	Spain	BBC	40,22	-3,76	M	T2b3+151
I6588	Spain	BBC	40,22	-3,76	M	U5b2b3
I6584	Spain	BBC	40,22	-3,76	F	H4a1a+195
I6587	Spain	BBC	40,22	-3,76	M	K1a1b1
I6589	Spain	BBC	40,22	-3,76	M	K1a1b1
I6585	Spain	BBC	40,22	-3,76	M	K1a4a1
I6471	Spain	BBC	40,49033	-3,373888	M	U5b1c1
I6472	Spain	BBC	40,49033	-3,373888	M	HV0b
I6475	Spain	BBC	40,49033	-3,373888	F	U5b3
I0263	Spain	BBC	41,49194444	2,138888889	F	X2b+226
I1553	Spain	BBC	41,49194444	2,138888889	F	pre-H103
I0825	Spain	BBC	41,49194444	2,138888889	M	K1a4a1
I0260	Spain	BBC	41,49194444	2,138888889	F	K1a2a
I0261	Spain	BBC	41,49194444	2,138888889	M	U5b1i
I0823	Spain	BBC	41,49194444	2,138888889	F	H1
I0258	Spain	BBC	41,49194444	2,138888889	F	H1q
I0262	Spain	BBC	41,49194444	2,138888889	F	U5b3
I0257	Spain	BBC	41,49194444	2,138888889	M	H1ax
I0826	Spain	BBC	41,49194444	2,138888889	M	H1t
I2478	Italy	BBC	44,8	10,333333	M	K1a2a
I2477	Italy	BBC	44,8	10,333333	F	T2b3+151
I1979	Italy	BBC	44,8	10,333333	F	T2b3
I4930	Italy	BBC	37,73497	12,9619	F	H1e
I4933	Italy	BBC	37,73497	12,9619	U	R0a
I4936	Italy	BBC	37,73497	12,9619	F	K1a
I2575	France	BBC	43,9655	5,8126	M	K1c1
I1388	France	BBC	45,46	6,213	M	H
I3874	France	BBC	44,476	6,369	F	T2b3
I3875	France	BBC	44,476	6,369	M	H1e
I4067	The Netherlands	BBC	52,733563	5,096183	F	R1b1
I4068	The Netherlands	BBC	52,733563	5,096183	M	U5a2a1
I4069	The Netherlands	BBC	52,733563	5,096183	M	U5a1a1
I4073	The Netherlands	BBC	52,733563	5,096183	M	U5a2b3
I4074	The Netherlands	BBC	52,733563	5,096183	M	H
I4075	The Netherlands	BBC	52,733563	5,096183	F	H5a1
I4076	The Netherlands	BBC	52,733563	5,096183	F	K1d
I5748	The Netherlands	BBC	52,733563	5,096183	M	X2b4
I5750	The Netherlands	BBC	52,733563	5,096183	M	K1b1a1+199
I6543	Spain	CAIB	40,439	-3,501	M	H1
I6604	Spain	CAIB	40,439	-3,501	M	U5b1c
I6605	Spain	CAIB	40,439	-3,501	F	H1t
I6610	Spain	CAIB	40,439	-3,501	F	K1a+195
I6613	Spain	CAIB	40,439	-3,501	F	U5b1
I6608	Spain	CAIB	40,439	-3,501	M	J1c1
I6612	Spain	CAIB	40,439	-3,501	F	J1c3
I6609	Spain	CAIB	40,439	-3,501	F	U5b1e
I6617	Spain	CAIB	40,22	-3,76	M	H1+16189
I6596	Spain	CAIB	40,22	-3,76	M	H3
I6628	Spain	CAIB	40,22	-3,76	F	H1
I6629	Spain	CAIB	40,22	-3,76	M	T2b
I6630	Spain	CAIB	40,22	-3,76	F	J2a1a1
I0457	Spain	CAIB	38,1	-1,85	M	J1c1
I0456	Spain	CAIB	38,1	-1,85	F	U5b2a1a
I0453	Spain	CAIB	38,1	-1,85	M	V
I0455	Spain	CAIB	38,1	-1,85	M	H1
I6601	Portugal	CAIB	39,09	-9,29	M	H1e2
I2457	Great Britain	BABI	51,16	-1,77	M	I4a
I2596	Great Britain	BABI	51,16	-1,77	M	J1c1
I2460	Great Britain	BABI	51,16	-1,77	F	T2a1a
I2597	Great Britain	BABI	51,16	-1,77	M	U5a2c3a
I7638	Great Britain	BABI	51,405327	-1,150767	M	V10b
I2604	Great Britain	BABI	51,15	-1,36	F	H2a3
I2464	Great Britain	BABI	51,15	-1,75	M	I2
I5373	Great Britain	BABI	53,079803	-1,640942	M	X2b+226
I2601	Great Britain	BABI	51,33	1,36	F	U5a1b1a
I2602	Great Britain	BABI	51,33	1,36	M	U5b2b
I2463	Great Britain	BABI	51,33	1,36	F	J1c3+189
I2462	Great Britain	BABI	51,33	1,36	F	U5a1d2a
I2612	Great Britain	BABI	54,883	-1,452	F	U5b2b2
I2421	Great Britain	BABI	54,883	-1,452	M	U5a1a2a
I2609	Great Britain	BABI	54,979	-2,123	F	K2a
I6680	Great Britain	BABI	55,309983	-1,553328	M	H1+16189
I7630	Great Britain	BABI	53,726187	-0,529641	M	U5a
I5441	Great Britain	BABI	50,426084	-3,580537	M	H1+16239
I2600	Great Britain	BABI	51,13	-1,69	F	U5b1+16189
I2461	Great Britain	BABI	51,13	-1,69	F	H5c
I2618	Great Britain	BABI	55,058	-2,147	M	H1bs
I5377	Great Britain	BABI	51,471197	-0,266408	M	T2b
I2610	Great Britain	BABI	54,97	-1,73	F	U2e1b
I7639	Great Britain	BABI	52,276938	0,461902	F	U5a1
I7635	Great Britain	BABI	54,522812	-1,308134	F	H1c
I5383	Great Britain	BABI	54,155105	-2,472049	F	J1c5f
I2639	Great Britain	BABI	51,16	-1,77	F	T2e1a
I2458	Great Britain	BABI	51,16	-1,77	F	U5b3
I7569	Great Britain	BABI	52,696301	-0,34	F	K1a1b1
I7570	Great Britain	BABI	52,696301	-0,34	M	T2b4+152
I7575	Great Britain	BABI	52,122402	-0,511365	M	U5a1d1
I7576	Great Britain	BABI	52,122402	-0,511365	M	J1c2
I7577	Great Britain	BABI	52,122402	-0,511365	M	U5a1a1
I7578	Great Britain	BABI	52,122402	-0,511365	F	U5a2c
I7580	Great Britain	BABI	52,122402	-0,511365	F	U5b2a1a
I7626	Great Britain	BABI	52,122402	-0,511365	F	T2b
I7627	Great Britain	BABI	52,122402	-0,511365	F	U4a2
I7628	Great Britain	BABI	52,122402	-0,511365	M	T1a1
I7579	Great Britain	BABI	52,122402	-0,511365	F	U5b2a1a
I3082	Great Britain	BABI	50,919204	-2,015441	M	H1an1a
I7640	Great Britain	BABI	52,17839	0,122544	M	U5a2c2
I7574	Great Britain	BABI	52,17839	0,122544	F	H1a3
I7568	Great Britain	BABI	52,34	0,03	F	W1+119
I7571	Great Britain	BABI	52,34	0,03	M	J1c1
I7572	Great Britain	BABI	52,34	0,03	M	H13a1a
I7573	Great Britain	BABI	52,310608	0,386227	F	H1
I0518	Great Britain	NEBI	52,21725278	-0,940216667	M	K1a3a1
I0519	Great Britain	NEBI	52,21725278	-0,940216667	M	X2b+226
I0520	Great Britain	NEBI	52,21725278	-0,940216667	M	U5a2c
I3068	Great Britain	NEBI	53,079803	-1,640942	M	T2c1d1
I5366	Great Britain	NEBI	50,860219	-0,383284	F	X2b+226
I2605	Great Britain	NEBI	51,49275	-0,665402	F	J1c6
I2606	Great Britain	NEBI	51,49275	-0,665402	M	K1a+195
I6750	Great Britain	NEBI	51,0528	-1,4338	M	K1a+195
I6751	Great Britain	NEBI	51,0528	-1,4338	F	U5b1+16189+@16192
I6759	Great Britain	NEBI	54,0744391	-2,2872841	M	J1c1
I4949	Great Britain	NEBI	51,444969	-1,852606	M	T2b
I5374	Great Britain	NEBI	51,279	-2,743324	M	H1c
I6762	Great Britain	NEBI	51,56105	-1,445923	M	K1a1b1
I6761	Great Britain	NEBI	50,828981	-0,112825	F	K1a+195
I5515	Great Britain	BABI	56,062	-3,419178	M	H3+16311
I5473	Great Britain	BABI	55,621272	-3,619659	M	U5b
I3132	Great Britain	BABI	57,721	-3,3881	M	T2a1b1a
I5516	Great Britain	BABI	56,192656	-4,057702	M	T2a1b1a1b
I2567	Great Britain	BABI	55,97	-2,444	M	U4a1a
I2569	Great Britain	BABI	55,99	-2,537	M	K1a3a
I5469	Great Britain	BABI	55,974074	-3,176073	F	H5'36
I5470	Great Britain	BABI	55,974074	-3,176073	U	H15a1
I2981	Great Britain	BABI	59,281	-2,425	F	T2a1b1a
I2860	Great Britain	BABI	57,721	-3,3881	M	H5a1
I2861	Great Britain	BABI	57,721	-3,3881	F	I2a1
I2859	Great Britain	BABI	57,72	-3,388	M	K1a2c
I3130	Great Britain	BABI	57,72	-3,388	F	U5a1c
I2656	Great Britain	BABI	55,97	-2,896	M	H2a2a2
I2573	Great Britain	BABI	55,98	-2,896	F	H3+16311
I2653	Great Britain	BABI	55,98	-2,896	M	H2a1a
I2654	Great Britain	BABI	55,98	-2,896	F	U5b3
I2655	Great Britain	BABI	58,23	-6,935	M	H6a1b2
I2988	Great Britain	NEBI	55,4	-5,2	F	U5b2a3
I2660	Great Britain	NEBI	56,41	-5,471	M	U5a2+16194
I2691	Great Britain	NEBI	56,41	-5,471	M	J1c1
I2659	Great Britain	NEBI	56,41	-5,471	F	H1c
I2650	Great Britain	NEBI	59,35	-2,873	M	T2c1d1
I2636	Great Britain	NEBI	59,35	-2,873	F	V
I2651	Great Britain	NEBI	59,35	-2,873	F	K1a1b1
I2637	Great Britain	NEBI	59,35	-2,873	M	K1b1a1
I2630	Great Britain	NEBI	58,74	-2,916	M	K1a4
I2932	Great Britain	NEBI	58,74	-2,916	M	H5
I2933	Great Britain	NEBI	58,74	-2,916	M	J1c2
I2934	Great Britain	NEBI	58,74	-2,916	F	U5a2c3
I2935	Great Britain	NEBI	58,74	-2,916	M	U8b1b
I3085	Great Britain	NEBI	58,74	-2,916	F	K1a+195
I2977	Great Britain	NEBI	58,74	-2,916	M	H1
I2979	Great Britain	NEBI	58,74	-2,916	M	K1a+195
I2629	Great Britain	NEBI	58,74	-2,916	M	J1c1b
I2978	Great Britain	NEBI	58,74	-2,916	M	K1b1a1
I2657	Great Britain	NEBI	56,42	-5,472	M	W1+119
I2980	Great Britain	NEBI	59,3101	-2,940715	F	H1
I2796	Great Britain	NEBI	59,3101	-2,940715	M	H3
I2631	Great Britain	NEBI	59,23	-2,568	M	H5
I3133	Great Britain	NEBI	56,4033333	-5,478056	M	K1a+195
I3134	Great Britain	NEBI	56,4033333	-5,478056	M	T2f4
I3135	Great Britain	NEBI	56,4033333	-5,478056	M	U5b2a
I3137	Great Britain	NEBI	56,4033333	-5,478056	M	HV0+195
I3136	Great Britain	NEBI	56,4033333	-5,478056	F	H1+16189
I3138	Great Britain	NEBI	56,4033333	-5,478056	F	K1a4a1
I3041	Great Britain	NEBI	56,4	-5,478	M	K1a3a
I5370	Great Britain	NEBI	56,414567	-5,469178	F	K1a+195
I5371	Great Britain	NEBI	56,414567	-5,469178	F	H4a1a2a
I2634	Great Britain	NEBI	58,54	-3,598	M	U2+152
I2635	Great Britain	NEBI	58,53	-3,603	M	U5b1+16189+16192
I2633	Great Britain	NEBI	58,53	-3,603	F	T2e1
I7554	Great Britain	NEBI	58,986516	-3,249	M	J1c9
I1775	Great Britain	BABI	53,33	-3,84	M	I3
I5364	Great Britain	BABI	51,537627	-4,211801	F	H5c
I2574	Great Britain	BABI	53,33	-3,78	F	U5a1a2b
I5358	Great Britain	NEBI	53,058706	-3,245086	F	K1a1
I5359	Great Britain	NEBI	51,451447	-3,307873	M	H5
I7272	Czech Republic	CWC	50,19	14,158	M	K2a5
I7279	Czech Republic	CWC	50,19	14,158	M	H7d
I7280	Czech Republic	CWC	50,19	14,158	M	W5a
I5037	Czech Republic	EBACz	48,801944	17,023333	M	K1a+150
I5042	Czech Republic	EBACz	48,801944	17,023333	M	I4a
I5043	Czech Republic	EBACz	48,801944	17,023333	M	U4c1a
I5044	Czech Republic	EBACz	48,801944	17,023333	F	K1b1a
I7195	Czech Republic	UNC	50,0504153	14,3667267	F	H3v+16093
I7196	Czech Republic	UNC	50,0504153	14,3667267	M	K1a+195
I7197	Czech Republic	UNC	50,0504153	14,3667267	M	X2b6
I7198	Czech Republic	UNC	50,0504153	14,3667267	F	U5b2c
I7199	Czech Republic	UNC	50,0504153	14,3667267	M	J1c3a
I7200	Czech Republic	UNC	50,0504153	14,3667267	F	R1b1
I7201	Czech Republic	UNC	50,0504153	14,3667267	F	U5a1a2b
I7202	Czech Republic	UNC	50,0504153	14,3667267	M	U5a1a2b
I7203	Czech Republic	UNC	50,0504153	14,3667267	M	H1
I4884	Czech Republic	EBACz	50,1217475	14,4569508	M	H4a1a1a
I4892	Czech Republic	EBACz	50,1217475	14,4569508	F	T1a1
I5035	Czech Republic	EBACz	50,166667	14,316667	F	T2b
I4893	Czech Republic	NECz	50,1217475	14,4569508	M	U5b1b1
I4894	Czech Republic	NECz	50,1217475	14,4569508	F	U8b1b1
I4303	France	MLN	43,457	5,863	M	H3
I4304	France	MLN	43,457	5,863	M	T2c1d+152
I4305	France	MLN	43,457	5,863	F	T2b3+151
I4308	France	MLN	43,34	5,06	F	U3a1
I7040	Hungary	BAHu	47,429954	19,051966	F	K1a4b
I7042	Hungary	BAHu	47,429954	19,051966	M	H
I7043	Hungary	BAHu	47,429954	19,051966	M	H1b1
I7041	Hungary	BAHu	47,429954	19,051966	M	H1b1
I5116	Hungary	CAHu	47,809892	20,889267	F	W
I5117	Hungary	CAHu	47,809892	20,889267	M	K1a2
I5118	Hungary	CAHu	47,809892	20,889267	M	H+16129
I5119	Hungary	CAHu	47,809892	20,889267	F	J1c2
I4070	The Netherlands	BANl	52,733563	5,096183	M	U5a1b1a
I4071	The Netherlands	BANl	52,733563	5,096183	F	H6a1a
I6531	Poland	EBAPl	50,23	18,22	M	U5b2b1a1
I6579	Poland	EBAPl	51,04	17,07	F	K1a4a1g
I6537	Poland	EBAPl	50,11	18,21	M	I1a1
I2752	Hungary	CAHu	46,78469	17,731714	M	K1a1
I2753	Hungary	CAHu	46,78469	17,731714	M	U5a1
I2754	Hungary	CAHu	46,78469	17,731714	M	J1c
I2755	Hungary	CAHu	46,78469	17,731714	M	U8b1a1
I2763	Hungary	CAHu	46,665765	17,270774	F	T2f
I2785	Hungary	CAHu	47,684976	19,918434	F	T2c2
I2788	Hungary	CAHu	47,189141	20,004795	M	H
I2789	Hungary	CAHu	47,189141	20,004795	M	J1c3b
I2790	Hungary	CAHu	47,189141	20,004795	F	N1a1a3
I2791	Hungary	CAHu	47,189141	20,004795	M	U5a1c1
I2366	Hungary	CAHu	47,62094	19,04494	M	H26a
I2367	Hungary	CAHu	47,62094	19,04494	M	HV
I2369	Hungary	CAHu	47,62094	19,04494	M	J2a1a1
I2371	Hungary	CAHu	47,31875	19,16692	M	U5b3f
I1975	Spain	CAIB	42,57	-2,55	M	J1c1
I1976	Spain	CAIB	42,57	-2,62	M	H3
I1843	Spain	CAIB	42,57	-2,57	F	U5b1
I1838	Spain	CAIB	42,63	-2,7	F	J1c3
I1981	Spain	CAIB	42,57	-2,57	F	J1c1
I2467	Spain	CAIB	42,57	-2,62	M	X2b
I2473	Spain	CAIB	42,57	-2,62	M	H3
I3269	Spain	CAIB	42,63	-2,7	M	U5b2b3a
I3271	Spain	CAIB	42,63	-2,7	F	K1a4a1a
I3276	Spain	CAIB	42,57	-2,57	M	V
I3270	Spain	CAIB	42,63	-2,7	F	J2a1a1
I3272	Spain	CAIB	42,57	-2,55	M	X2b
I3273	Spain	CAIB	42,57	-2,55	F	J2a1a1
I3277	Spain	CAIB	42,57	-2,57	F	U5b2b
I5838	Spain	CAIB	42,33333333	-3,5	M	K1a26
I2008	Germany	LBK	51,89583333	11,04666667	F	N1a1a1
I2016	Germany	LBK	51,89583333	11,04666667	F	V1
I2017	Germany	LBK	51,89583333	11,04666667	F	K2a
I2021	Germany	LBK	51,89583333	11,04666667	M	T2b
I2026	Germany	LBK	51,89583333	11,04666667	M	N1a1a1a3
I2029	Germany	LBK	51,89583333	11,04666667	F	K1
I2030	Germany	LBK	51,89583333	11,04666667	F	H26
I2032	Germany	LBK	51,89583333	11,04666667	F	J1c
I2036	Germany	LBK	51,89583333	11,04666667	F	V1
I2037	Germany	LBK	51,89583333	11,04666667	M	H1e
I2038	Germany	LBK	51,89583333	11,04666667	F	T2b
I2014	Germany	LBK	51,89583333	11,04666667	M	N1a1a1a3
I2020	Germany	LBK	51,89583333	11,04666667	M	K1a2
I2022	Germany	LBK	51,89583333	11,04666667	F	T2b
I1972	Spain	NEIB	42,6282	-3,11649	F	K1a4a1
I2199	Spain	NEIB	42,6282	-3,11649	F	H1
LBK380	Germany	LBK	48,78	9,18	F	T2c1b
I0581	Spain	CAIB	42,33333333	-3,5	M	X2b
CB13	Spain	NEIB	41,37	1,89	F	K1a2a
ATP2	Spain	CAIB	42,3525	-3,518333333	M	U5b3
ATP9	Spain	BAIB	42,3525	-3,518333333	F	U5b1b
ATP16	Spain	CAIB	42,3525	-3,518333333	F	X2c
Matojo	Spain	CAIB	42,3525	-3,518333333	M	H3c3
bally	Ireland	NEBI	54,54222222	-5,956666667	F	HV0 +195
rath1	Ireland	BABI	55,292132	-6,191685	M	U5a1b1e
rath2	Ireland	BABI	55,292132	-6,191685	M	U5b2a2
rath3	Ireland	BABI	55,292132	-6,191685	M	J2b1a
I1661	Iran	CAME	34,5	47,96	F	H29
I1634	Armenia	CACA	39,73	45,2	M	H2a1
I1632	Armenia	CACA	39,73	45,2	M	K1a8
I1631	Armenia	CACA	39,73	45,2	F	K1a8
I1635	Armenia	BACA	40,65	45,1167	M	X2f
I1633	Armenia	BACA	40,65	45,1167	F	H1u
I1658	Armenia	BACA	40,382958	43,873663	F	U3a2
I1656	Armenia	BACA	40,377222	43,938333	F	T1a1'3
RISE412	Armenia	BACA	40,38	45,18	F	
RISE413	Armenia	BACA	40,14	45,26	M	
RISE416	Armenia	BACA	40,14	45,26	M	
RISE423	Armenia	BACA	40,14	45,26	M	
RISE407	Armenia	BACA	40,15	45,86	F	
RISE408	Armenia	BACA	40,15	45,86	M	
RISE396	Armenia	BACA	39,2	46,4	F	
RISE397	Armenia	BACA	39,2	46,4	M	
I1409	Armenia	CACA	39,73	45,2	F	U4a
I1407	Armenia	CACA	39,73	45,2	M	H
I1705	Jordan	BANE	31,988	35,976	M	H14a
I1706	Jordan	BANE	31,988	35,976	F	X2m
I1730	Jordan	BANE	31,988	35,976	M	R0a1a
I1670	Iran	CAME	34,5	47,96	F	U3a'c
I1662	Iran	CAME	34,5	47,96	M	K1a12a
I1674	Iran	CAME	34,5	47,96	M	I1c
I1665	Iran	CAME	34,5	47,96	F	U7a
I1671	Iran	NEME	34,5	47,96	M	K1a12a
I0861	Israel	NAT	32,65	35,067	M	
I1293	Iran	MEME	35,59	53,5	M	
I1072	Israel	NAT	32,65	35,067	M	N1b
I1584	Turkey	CACA	40,3	29,56666667	F	K1a17
I1069	Israel	NAT	32,65	35,067	M	
I1687	Israel	NAT	32,65	35,067	F	
I1690	Israel	NAT	32,65	35,067	M	
I1685	Israel	NAT	32,65	35,067	M	
I1951	Iran	NEME	34,45	48,116	F	
AH1	Iran	NEME	34,18	48,17	F	R2
AH2	Iran	NEME	34,18	48,17	M	R2
AH4	Iran	NEME	34,18	48,17	F	T2c
F38	Iran	IAME	37,004537	45,458657	M	N1a3a
WC1	Iran	NEME	34,058611	46,647778	M	J1d6
Bar31	Turkey	NENE	40,3	29,56666667	M	X2m
Bar8	Turkey	NENE	40,3	29,56666667	F	K1a2
GOK2	Sweden	FBC	58,173611	13,4075	F	
GOK4	Sweden	FBC	58,173611	13,4075	M	
GOK5	Sweden	FBC	58,173611	13,4075	F	
GOK7	Sweden	FBC	58,173611	13,4075	F	
AfontovaGora3	Russia	HGE	56,02	92,87	F	R1b
I0118	Germany	LNEGe	51,45	11,63	F	HV
I1498	Hungary	LBK	47,52	21,59	F	H
I1500	Hungary	LBK	47,17	20,83	M	J1c1
I1505	Hungary	LBK	47,88	21,19	F	J1c5
I1506	Hungary	LBK	47,88	21,19	F	U5b2c
I2495	Turkey	BANE	37,92	30,71	M	H
I2499	Turkey	BANE	37,92	30,71	F	K1a
I2683	Turkey	BANE	37,92	30,71	F	T2b
Bon001	Turkey	NENE	37,75	32,86	M	U3
Bon002	Turkey	NENE	37,75	32,86	F	K1a
Bon004	Turkey	NENE	37,75	32,86	M	N1a1a1
Bon005	Turkey	NENE	37,75	32,86	F	N1a1a1
kum4	Turkey	NENE	39,95	26,2	F	
Tep002	Turkey	NENE	38,17	34,49	F	K1a12a
Tep003	Turkey	NENE	38,17	34,49	M	N1b1a
Tep004	Turkey	NENE	38,17	34,49	F	N1a1a1
Tep006	Turkey	NENE	38,17	34,49	M	N1a1a1
I1497	Hungary	BAD	47,17	19,83	F	H
Bul6	Bulgaria	BABA	42,43	25,9	M	
Bul8	Bulgaria	BABA	42,43	25,9	M	
I2510	Bulgaria	BABA	43,16	25,88	M	H4a1
I2520	Bulgaria	BABA	43,16	25,88	M	H
I3313	Croatia	BABA	43,89	15,98	F	HV0e
I2163	Bulgaria	BABA	42,13	25,49	M	U5a2
I2165	Bulgaria	BABA	42,13	25,49	M	T2f
Bul10	Bulgaria	BABA	42,43	25,9	F	
I2175	Bulgaria	BABA	43,06	26,98	M	K1c1
I2176	Bulgaria	BABA	43,06	26,98	M	U1a1
I4331	Croatia	BABA	43,19	17,34	M	I1a1
I4332	Croatia	BABA	43,19	17,34	F	W3a1
I2509	Bulgaria	BABA	43,16	25,88	F	K1a2
I2519	Bulgaria	CABA	43,16	25,88	F	U5b2a1a
I2431	Bulgaria	CABA	43,1	26,72	M	N1b2
I5079	Croatia	CABA	45,44	17,56	F	J1c2
I2423	Bulgaria	CABA	43,06	26,98	F	H
I2424	Bulgaria	CABA	43,06	26,98	F	U4a
I2430	Bulgaria	CABA	43,06	26,98	M	K1a26
I2425	Bulgaria	CABA	43,06	26,77	F	T2c1b
I2426	Bulgaria	CABA	43,06	26,77	M	K1
I2427	Bulgaria	CABA	43,06	26,77	F	H1j
I4088	Romania	CABA	47,73	22,44	F	K2a
I4089	Romania	CABA	47,73	22,44	M	J1c
I0781	Bulgaria	CABA	42,23	24,26	F	K1a
I0785	Bulgaria	CABA	42,23	24,26	F	H7
I2181	Bulgaria	CABA	43,06	26,98	M	HV15
I5769	Bulgaria	IABA	43,16	25,88	F	H
I3498	Croatia	NEBA	45,76	18,57	M	U8b1b1
I4167	Croatia	NEBA	45,76	18,57	M	U5b2b
I4168	Croatia	NEBA	45,76	18,57	F	N1a1
I2533	Romania	NEBA	44,26	23,9	F	J1c5
I2532	Romania	NEBA	45,48	27	M	K1a2
I0704	Bulgaria	NEBA	43,16	25,88	F	T2b
I0706	Bulgaria	NEBA	43,16	25,88	M	K1a4b
I2521	Bulgaria	NEBA	43,16	25,88	M	H
I0633	Serbia	NEBA	44,9	19,75	M	HV
I0634	Serbia	NEBA	44,9	19,75	M	K1a4
I1131	Serbia	NEBA	44,9	19,75	M	H
I0676	Macedonia	NEBA	41,9	21,35	M	J1c1
I5071	Croatia	NEBA	44,82	13,64	F	H5a
I5072	Croatia	NEBA	44,82	13,64	M	H7c
I1298	Bulgaria	NEBA	43,37	23,73	F	K1a
I5077	Croatia	NEBA	45,32	18,39	M	U5a1a2
I5078	Croatia	NEBA	45,32	18,39	M	H10
I2526	Bulgaria	NEBA	43,14	25,6	F	T2e
I4918	Serbia	NEBA	44,49	21,08	F	K1a4a1
I0698	Bulgaria	NEBA	42,1	25,75	M	H
I2529	Bulgaria	NEBA	42,1	25,75	M	T1a
I3433	Croatia	NEBA	43,59	16,65	F	H1
I3947	Croatia	NEBA	43,59	16,65	M	K1b1a
I3948	Croatia	NEBA	43,59	16,65	M	N1a1
RISE566	Czech Republic	BBC	50,12	14,26	M	H
I1546	Germany	BBC	51,82	10,91	F	U5a1b1
I1549	Germany	BBC	51,82	10,91	F	W1c1
I0112	Germany	BBC	51,79	11,14	F	H13a1a2
I0113	Germany	BBC	51,79	11,14	F	J1c5
I0805	Germany	BBC	51,79	11,14	M	H1
I0806	Germany	BBC	51,79	11,14	M	H1
I0060	Germany	BBC	51,45	11,54	F	K1a2c
I0108	Germany	BBC	51,45	11,54	F	H5a3
I0111	Germany	BBC	51,45	11,54	F	H3ao
RISE559	Germany	BBC	48,33	10,9	F	H46
RISE562	Germany	BBC	48,66	12,71	F	H2a1e
RISE563	Germany	BBC	48,691	13,016	M	K1c1
RISE564	Germany	BBC	48,691	13,016	M	H-T16311C
I0171	Germany	LNEGe	51,82	10,91	F	U5a1a2a
I1499	Hungary	LBK	48,52	21,17	F	X2b-T226C
I0172	Germany	BEC	51,42	11,68	M	T2b
I0807	Germany	BAC	51,42	11,68	M	H1e1a
I0560	Germany	BAC	51,79	11,14	F	T2e1
KK1	Georgia	HGE	42,28	43,28	M	H13c
SATP	Georgia	HGE	42,38	42,59	M	K
I1534	Germany	CWC	51,42	11,68	M	K1a1b2a
I1536	Germany	CWC	51,42	11,68	M	U5a1g
RISE568	Czech Republic	SLV	50,19	14,16	F	H44a
RISE569	Czech Republic	SLV	50,19	14,16	F	H1af
I0211	Russia	HGE	61,65	35,65	M	U4a
ElMiron	Spain	HGW	43,26	-3,45	F	U5b
ILK001	Ukraine	GAC	49,56	27,69	M	J1c3
ILK002	Ukraine	GAC	49,56	27,69	M	T2b
ILK003	Ukraine	GAC	49,56	27,69	F	J1c
I2403	Poland	GAC	52,85	17,88	M	U5b2b1
I2405	Poland	GAC	52,85	17,88	M	W5
I2433	Poland	GAC	52,85	17,88	F	H28
I2434	Poland	GAC	52,85	17,88	F	U5b1d1
I2440	Poland	GAC	52,85	17,88	M	H1b
I2441	Poland	GAC	52,85	17,88	M	K1b1a1
I0099	Germany	BAGe	51,9	11,05	M	H23
I1504	Hungary	BAHu	47,82	19,95	M	K1a1a
I1502	Hungary	BAHu	47,17	20,83	F	K1c1
I1271	Spain	CAIB	42,33	-3,5	F	K1a
I1272	Spain	CAIB	42,33	-3,5	F	K1b1a1
I1276	Spain	CAIB	42,33	-3,5	F	H3c3
I1277	Spain	CAIB	42,33	-3,5	M	H3
I1280	Spain	CAIB	42,33	-3,5	F	J1c1
I1281	Spain	CAIB	42,33	-3,5	F	H1t
I1282	Spain	CAIB	42,33	-3,5	M	H3
I1284	Spain	CAIB	42,33	-3,5	M	H3
I1300	Spain	CAIB	42,33	-3,5	F	K1a2a
I1303	Spain	CAIB	42,33	-3,5	M	U3a1
I1314	Spain	CAIB	42,33	-3,5	M	J2a1a1
I0409	Spain	NEIB	42,5	0,5	F	J1c3
I0410	Spain	NEIB	42,5	0,5	M	T2c1d or T2c1d2
I0412	Spain	NEIB	42,5	0,5	M	N1a1a1
I0413	Spain	NEIB	42,5	0,5	F	V
I0405	Spain	NEIB	41,25	-2,33	M	K1a1b1
I0406	Spain	NEIB	41,25	-2,33	M	H1
I0407	Spain	NEIB	41,25	-2,33	F	K1b1a1
I0408	Spain	NEIB	41,25	-2,33	F	U5b1
Iceman	Italy	CAIt	46,77	10,83	M	K1
I5878	Ukraine	NEUk	48,91	33,76	M	U4b1a1a
I5879	Ukraine	NEUk	48,91	33,76	M	U5a1b
I5888	Ukraine	NEUk	48,91	33,76	M	U5b2b1
I2407	Poland	GAC	52,85	17,88	M	H28a
I2435	Poland	GAC	52,85	17,88	M	H28
I0700	Bulgaria	NEBA	43,98	26,4	M	T2e
I5241	Serbia	HGS	44,6	22,01	F	U5a2a
I4882	Serbia	HGS	44,53	22,05	M	U4b1b1
I5869	Ukraine	NEUk	47,95	35,39	M	U4b1b1
I1290	Iran	NEME	34,45	48,12	F	X2
I1944	Iran	NEME	34,45	48,12	F	R2
I1945	Iran	NEME	34,45	48,12	M	J1c10
I1949	Iran	NEME	34,45	48,12	M	
I4914	Serbia	HGS	44,64	22,3	M	U5a1c1
I4915	Serbia	HGS	44,64	22,3	M	U5b2b
I4916	Serbia	HGS	44,64	22,3	M	U5b2b
I4917	Serbia	HGS	44,64	22,3	F	U5a1c
I5401	Serbia	HGS	44,64	22,3	M	U5a1
I5402	Serbia	HGS	44,64	22,3	M	U5a1c1
I4081	Romania	HGS	44,52	22,72	M	H13
I4582	Romania	HGS	44,52	22,72	F	K1
I5408	Romania	HGS	44,52	22,72	M	K1c
I5233	Serbia	HGS	44,6	22,01	F	U5b1d1
I5234	Serbia	HGS	44,6	22,01	F	U4a
I5235	Serbia	HGS	44,6	22,01	M	U5b2c
I5236	Serbia	HGS	44,6	22,01	M	U5a2d
I5237	Serbia	HGS	44,6	22,01	M	U5a2a
I5238	Serbia	HGS	44,6	22,01	F	K1c
I5239	Serbia	HGS	44,6	22,01	F	U5a2d
I5240	Serbia	HGS	44,6	22,01	M	U5a1c
I5242	Serbia	HGS	44,6	22,01	F	U5a1
I5244	Serbia	HGS	44,6	22,01	F	K1f
I5409	Serbia	HGS	44,6	22,01	F	U5a1c
I4607	Romania	HGS	44,63	22,61	M	U5a2
I4655	Romania	HGS	44,63	22,61	M	K1
I5411	Romania	HGS	44,63	22,61	M	U5a1c1
I5436	Romania	HGS	44,63	22,61	F	U5a2
I4657	Serbia	HGS	44,53	22,05	F	K1c
I4660	Serbia	HGS	44,53	22,05	F	U8b1b
I4870	Serbia	HGS	44,53	22,05	M	K1c
I4871	Serbia	HGS	44,53	22,05	F	U5b2a1a
I4872	Serbia	HGS	44,53	22,05	F	U5a1c
I4873	Serbia	HGS	44,53	22,05	F	U5a2a
I4874	Serbia	HGS	44,53	22,05	F	U5b2a1a
I4875	Serbia	HGS	44,53	22,05	F	U5b1d1a
I4876	Serbia	HGS	44,53	22,05	F	U5a2d
I4877	Serbia	HGS	44,53	22,05	F	U5b1d1
I4878	Serbia	HGS	44,53	22,05	M	U4a
I4880	Serbia	HGS	44,53	22,05	M	U4b1b1
I4881	Serbia	HGS	44,53	22,05	M	U4b1b1
I5771	Serbia	HGS	44,53	22,05	M	U5a1c1
I5772	Serbia	HGS	44,53	22,05	M	U5a2a
I5773	Serbia	HGS	44,53	22,05	M	U4a
I5232	Serbia	HGS	44,6	22,01	M	K1a
I0550	Germany	CWC	51,28	11,65	F	T1a1
I1508	Hungary	LBK	47,32	21,53	F	K1a
I1507	Hungary	LBK	47,93	21,2	M	R1b1
Kostenki14	Russia	HGE	51,23	39,3	M	
I0679	Bulgaria	NEBA	42,02	25,6	F	H5
I4432	Latvia	HGE	56,28	25,13	M	U5a2c
I4434	Latvia	HGE	56,28	25,13	M	U5a2d
I4438	Latvia	HGE	56,28	25,13	M	U4b1a2
I4439	Latvia	HGE	56,28	25,13	M	U5b1d1
I4440	Latvia	HGE	56,28	25,13	M	U4a1
I4441	Latvia	HGE	56,28	25,13	M	U5a1c
I4550	Latvia	HGE	56,28	25,13	M	U5b2a1a
I4551	Latvia	HGE	56,28	25,13	M	U5a2c3
I4552	Latvia	HGE	56,28	25,13	F	U5a1d
I4553	Latvia	HGE	56,28	25,13	M	U5a1c
I4595	Latvia	HGE	56,28	25,13	F	U2e1
I4596	Latvia	HGE	56,28	25,13	M	U5a2d
I4626	Latvia	NEBL	56,28	25,13	M	U2e1
I4628	Latvia	NEBL	56,28	25,13	M	U5a2d
I4630	Latvia	HGE	56,28	25,13	M	U5a2c
I4632	Latvia	HGE	56,28	25,13	F	U5a1c
I4629	Latvia	CWC	56,28	25,13	F	U5a1b
I4435	Latvia	NEBL	56,28	25,13	F	U4a1
I4436	Latvia	HGE	56,28	25,13	M	U4a1
I4437	Latvia	HGE	56,28	25,13	F	U5a1d2
I4554	Latvia	HGE	56,28	25,13	F	U4d1
I4627	Latvia	NEBL	56,28	25,13	M	U4a1
I5068	Austria	LBK	48,67	16,58	M	T2b23
I5069	Austria	LBK	48,67	16,58	F	N1a1
I5070	Austria	LBK	48,58	16,47	M	K1a1a
I5204	Austria	LBK	48,58	16,47	M	J1c2
I5205	Austria	LBK	48,58	16,47	F	H
I5206	Austria	LBK	48,58	16,47	F	T2b
I5207	Austria	LBK	48,58	16,47	M	H67
I5208	Austria	LBK	48,58	16,47	F	K1b1a
I1496	Hungary	LBK	47,17	19,83	M	K1a3a3
I1495	Hungary	LDN	47,17	19,83	M	N1a1a1a
I4665	Serbia	HGS	44,55	22,03	F	J2b1
I4666	Serbia	HGS	44,55	22,03	M	H40
I5405	Serbia	HGS	44,55	22,03	F	HV
I5407	Serbia	HGS	44,55	22,03	F	H13
I1414	Jordan	PPNE	31,99	35,98	M	K1a18
I1415	Jordan	PPNE	31,99	35,98	M	
I1416	Jordan	PPNE	31,99	35,98	M	
I1679	Jordan	PPNE	31,99	35,98	F	I
I1699	Jordan	PPNE	31,99	35,98	F	R0a2
I1700	Jordan	PPNE	31,99	35,98	M	T1a2
I1701	Jordan	PPNE	31,99	35,98	F	K1a18
I1704	Jordan	PPNE	31,99	35,98	F	T1a
I1707	Jordan	PPNE	31,99	35,98	M	R0a
I1709	Jordan	PPNE	31,99	35,98	M	U8b1a
I1710	Jordan	PPNE	31,99	35,98	M	T1a2
I1727	Jordan	PPNE	31,99	35,98	M	T1a2
I0867	Israel	PPNE	31,79	35,17	M	K1a4b
I1108	Bulgaria	NEBA	43,98	26,4	M	T2e
I1109	Bulgaria	NEBA	43,98	26,4	F	J2b1
I1113	Bulgaria	NEBA	43,98	26,4	F	U5a1c
I1295	Bulgaria	NEBA	43,98	26,4	M	J1c
I1296	Bulgaria	NEBA	43,98	26,4	M	U5a2
I1297	Bulgaria	NEBA	43,98	26,4	F	H5b
I2215	Bulgaria	NEBA	43,98	26,4	U	T2b
I2216	Bulgaria	NEBA	43,98	26,4	F	J2b1
I3879	Bulgaria	NEBA	43,98	26,4	M	H
I0070	Greece	MIC	35,08	25,83	M	H13a1a
I0071	Greece	MIC	35,08	25,83	F	U5a1
I0073	Greece	MIC	35,08	25,83	M	H1bm
I0074	Greece	MIC	35,08	25,83	F	H5
I9005	Greece	MIC	35,08	25,83	F	H
I9127	Greece	MIC	35,05	24,81	F	J2b1a1
I9128	Greece	MIC	35,05	24,81	F	I5
I9129	Greece	MIC	35,05	24,81	F	H+163
I9130	Greece	MIC	35,05	24,81	M	U3b3
I9131	Greece	MIC	35,05	24,81	F	K1a2
mota	Ethiopia	BAAF	6,8	38,21	M	L3x2a
RISE175	Sweden	BASC	55,4	13,6	M	T1a1
RISE210	Sweden	BASC	56	14,1	M	T2a1a
RISE47	Denmark	BASC	56,97	9,55	M	I
RISE276	Denmark	BASC	55,91	11,57	M	T2b
RISE179	Sweden	NESC	55,4	13,6	M	K1a3
RISE71	Denmark	NESC	56,68	10,03	F	H3b
RISE97	Sweden	NESC	55,56	13,06	F	K2a5
RISE98	Sweden	NESC	55,38	13,45	M	K1b1a1
RISE61	Denmark	NESC	55,7	11,86	M	J1c4
Klei10	Greece	NEGr	40,43	21,86	M	K1a2
Pal7	Greece	NEGr	40,48	22,48	F	J1c1
Rev5	Greece	NEGr	40,32	22,58	F	X2b
I2937	Greece	NEGr	36,64	22,38	F	K1a26
I3708	Greece	NEGr	36,64	22,38	F	T1a
I3709	Greece	NEGr	36,64	22,38	F	K1b1a
I3920	Greece	NEGr	36,64	22,38	F	H
I5427	Greece	NEGr	36,64	22,38	F	K1a24
I2318	Greece	NEGr	37,42	23,13	F	H2
RISE486	Italy	BAIt	45,26	10,38	M	J1c1b
RISE487	Italy	BAIt	45,26	10,38	M	H2a
RISE489	Italy	BAIt	45,26	10,38	M	X2c1
I2534	Romania	NEBA	44,02	25,4	F	K1
RISE555	Russia	BARu	48,72	44,5	M	N1a1a-T152C
I1926	Ukraine	TRP	48,47	25,53	M	H5a
I2110	Ukraine	TRP	48,47	25,53	M	T2b
I2111	Ukraine	TRP	48,47	25,53	M	HV
I3151	Ukraine	TRP	48,47	25,53	M	U8b1b
I6561	Ukraine	NEUk	49,71	37,58	M	H2a1a
I4110	Ukraine	NEUk	48,91	33,76	F	J2b1
I5882	Ukraine	NEUk	48,91	33,76	F	U5a2a
I5884	Ukraine	NEUk	48,91	33,76	M	U5a2b
I5876	Ukraine	HGE	48,91	33,76	M	U5a2a
I5885	Ukraine	NEUk	48,91	33,76	F	U5b2b
I1733	Ukraine	HGE	48,3	35,14	F	U4b
I1734	Ukraine	HGE	48,3	35,14	M	U5b2
I1737	Ukraine	HGE	48,3	35,14	F	U5a2
I1763	Ukraine	HGE	48,3	35,14	M	U5b2
I1819	Ukraine	HGE	48,3	35,14	M	U5b2
I3717	Ukraine	NEUk	48,91	33,76	M	U5a2a
I3718	Ukraine	NEUk	48,91	33,76	M	U5a1b
I4111	Ukraine	NEUk	48,91	33,76	F	U4d
I4112	Ukraine	NEUk	48,91	33,76	M	U5a2a
I4114	Ukraine	NEUk	48,91	33,76	M	U5a1
I5875	Ukraine	NEUk	48,91	33,76	M	U4a1
I5881	Ukraine	NEUk	48,91	33,76	M	U5a1b
I5883	Ukraine	NEUk	48,91	33,76	M	U4a
I5886	Ukraine	NEUk	48,91	33,76	M	U4a
I5889	Ukraine	NEUk	48,91	33,76	F	U5a2a
I5890	Ukraine	NEUk	48,91	33,76	M	U5a1b
I5891	Ukraine	NEUk	48,91	33,76	M	U4d
I5892	Ukraine	NEUk	48,91	33,76	M	U4a1
I5893	Ukraine	NEUk	48,91	33,76	M	U5a2a
I1736	Ukraine	NEUk	48,3	35,14	F	U5b2b1
I3712	Ukraine	NEUk	47,95	35,39	M	U4b1a
I3713	Ukraine	NEUk	47,95	35,39	M	U4b1a
I3714	Ukraine	NEUk	47,95	35,39	M	U4d
I3715	Ukraine	NEUk	47,95	35,39	M	U2e1
I3716	Ukraine	NEUk	47,95	35,39	M	U5b2a1a
I5868	Ukraine	NEUk	47,95	35,39	M	U4d
I5870	Ukraine	NEUk	47,95	35,39	M	U4b1b1
I5872	Ukraine	NEUk	47,95	35,39	M	U5a2a
I5873	Ukraine	NEUk	47,95	35,39	F	U4b
I5957	Ukraine	NEUk	47,95	35,39	M	T2
I6133	Ukraine	NEUk	47,95	35,39	F	U5b2a1a
I1378	Ukraine	NEUk	48,3	35,14	M	U4b
I1732	Ukraine	NEUk	48,3	35,14	F	U4b
I1738	Ukraine	NEUk	48,3	35,14	M	U5a2
I3719	Ukraine	NEUk	48,91	33,76	M	H1
I0803	Germany	UNC	51,17	11,85	F	H4a1a1a
I0804	Germany	UNC	51,17	11,85	M	H3
I0047	Germany	UNC	51,9	11,05	F	V9
ANI152	Bulgaria	CABA	43,21	27,86	M	U2
ANI153	Bulgaria	CABA	43,21	27,86	M	U4
ANI159	Bulgaria	CABA	43,21	27,86	M	T2b2b
ANI160	Bulgaria	CABA	43,21	27,86	M	H1ag
ANI163	Bulgaria	CABA	43,21	27,86	F	H7a1
DV16	Czech Republic	HGC	48,53	16,39	M	U5
Villabruna	Italy	HGS	46,15	12,21	M	U5b2b
I3499	Croatia	CABA	45,76	18,57	M	T2e
I2792	Croatia	CABA	45,34	19,06	M	T2c2
I4175	Croatia	CABA	45,34	19,06	F	U4a
BerryAuBac1	France	HGW	49,24	3,54	M	U5b1a
Chaudardes1	France	HGW	49,24	3,46	M	U5b1b
I2158	Italy	HGS	37,93	12,33	F	U2'3'4'7'8'9
Bichon	Switzerland	HGW	47,1	6,87	M	U5b1h
I0585	Spain	HGW	42,91	-5,38	M	U5b2c
I1875	Croatia	HGS	42,97	16,71	F	U5b2b
Bul4	Bulgaria	YAM	42,43	25,9	M	
RISE547	Russia	YAM	46,54	43,7	M	T2a1a
RISE548	Russia	YAM	46,54	43,7	M	U4
I2105	Ukraine	YAM	48,22	37,15	F	T1a1
I3141	Ukraine	YAM	48,22	37,15	F	H15b1
I1917	Ukraine	YAM	48,99	33,95	F	R0a1
Denisova3	Russia	HGE	51,397395	84,676497	F	L
KZ1	Poland	LDN	52,739966	18,253056	F	U5b2a1a
KZ2	Poland	LDN	52,739966	18,253056	F	K1c
KZ3	Poland	LDN	52,739966	18,253056	U	H3d
KZ4	Poland	LDN	52,739966	18,253056	F	K1a4
SCY192	Moldova	SCU	46,67	29,81	F	H8c
SCY193	Moldova	SCU	46,67	29,81	M	U5a2a1
SCY196	Moldova	SCU	46,67	29,81	U	W3a
SCY197	Moldova	SCU	46,67	29,81	M	U5a1a1
SCY300	Moldova	SCU	46,67	29,81	F	H5b
SCY303	Moldova	SCU	46,67	29,81	F	U5a1a2b
SCY305	Moldova	SCU	46,67	29,81	U	U5a2b
SCY308	Moldova	SCU	46,67	29,81	U	F1d
SCY311	Moldova	SCU	46,67	29,81	F	T2b
SCY332	Moldova	SCU	46,67	29,81	F	M10a1a1a
SCY334	Moldova	SCU	46,67	29,81	U	H5b
SCY001	Ukraine	SCU	49,050278	33,241944	U	U5a1b
SCY002	Ukraine	SCU	49,050278	33,241944	U	J1c2
SCY006	Ukraine	SCU	47,375556	33,375	F	D4j2
SCY011	Ukraine	SCU	48,980556	30,178611	F	A
SCY012	Ukraine	SCU	48,5333	28,75	U	U5b2a1a2
SCY009	Ukraine	SCU	47,375556	33,375	M	J2b1a6
SCY010	Ukraine	SCU	47,375556	33,375	F	N1b1a
SCY005	Ukraine	SCU	44,951944	34,102222	F	H
01-jan	Poland	HGC	51,844592	20,055508	M	U5b1b1
Sam1	Poland	LBK	50,641037	21,650992	F	N1a1a1a
KM1	Poland	LDN	50,261285	20,536066	F	U5b1b
KZ6	Poland	LDN	52,739966	18,253056	F	N1a1a1a3
R18_1	Poland	LDN	52,056064	16,704982	F	K2a
NHP1	Poland	LDN	50,065722	20,104998	U	H5
PCA0001	Poland	MAPl	52,59	16,78	M	W
PCA0002	Poland	MAPl	52,59	16,78	M	H28a1
PCA0003	Poland	MAPl	52,59	16,78	F	H5a1
PCA0004	Poland	MAPl	52,59	16,78	F	U3a1a1
PCA0006	Poland	MAPl	52,59	16,78	F	U5a1d1
PCA0007	Poland	MAPl	52,59	16,78	F	W1
PCA0013	Poland	MAPl	52,59	16,78	U	J1c3
PCA0015	Poland	MAPl	52,59	16,78	M	H1f1a
PCA0018	Poland	MAPl	52,59	16,78	M	HV18
PCA0026	Poland	MAPl	52,59	16,78	F	T2b16
PCA0027	Poland	MAPl	52,59	16,78	M	H1a
PCA0028	Poland	MAPl	52,59	16,78	F	U3a1a
PCA0029	Poland	MAPl	52,59	16,78	U	X2c1
PCA0030	Poland	MAPl	52,59	16,78	F	H2a2b
PCA0031	Poland	MAPl	52,59	16,78	F	K2a
PCA0032	Poland	MAPl	52,59	16,78	F	T2n
PCA0034	Poland	MAPl	52,59	16,78	F	K2a
PCA0035	Poland	MAPl	52,59	16,78	M	J2b1a5
PCA0036	Poland	MAPl	52,59	16,78	M	U5b1d1
PCA0037	Poland	MAPl	52,59	16,78	M	T2e
PCA0038	Poland	MAPl	52,59	16,78	U	H1e1a
PCA0040	Poland	MAPl	52,59	16,78	M	I4a
PCA0041	Poland	MAPl	52,59	16,78	M	N
PCA0044	Poland	MAPl	52,59	16,78	F	H5a1
PCA0045	Poland	MAPl	52,59	16,78	F	U5b1d1
PCA0046	Poland	MAPl	52,59	16,78	M	U8a1a1b
PCA0047	Poland	MAPl	52,59	16,78	F	H5a1
PCA0049	Poland	MAPl	52,59	16,78	F	H1a
PCA0050	Poland	MAPl	52,59	16,78	M	H1e1a
PCA0051	Poland	MAPl	52,59	16,78	F	K2a
PCA0052	Poland	MAPl	52,59	16,78	F	U5a1a1
PCA0053	Poland	MAPl	52,59	16,78	F	K1b2a
PCA0054	Poland	MAPl	52,59	16,78	F	U3a1a
PCA0056	Poland	MAPl	52,59	16,78	F	T2b6a
PCA0057	Poland	MAPl	52,59	16,78	F	J1c7a
PCA0059	Poland	MAPl	52,59	16,78	F	K2a
PCA0060	Poland	MAPl	52,59	16,78	M	U5b1d1
PCA0061	Poland	MAPl	52,59	16,78	U	H1ak
PCA0062	Poland	MAPl	52,59	16,78	M	U4a2
PCA0063	Poland	MAPl	52,59	16,78	M	H2a5
PCA0066	Poland	MAPl	52,59	16,78	M	H2a5
RISE1	Poland	CWC	52,29	17,54	U	K1b1a1
RISE21	Denmark	BASC	55,55	12,209	U	N1a1a1a2
RISE42	Denmark	NESC	55,657	12,148	M	H3v+16093
RISE139	Poland	UNC	50,796	17,094	F	U2e1f1
RISE145	Poland	UNC	50,913	17,177	M	H6a1b
RISE174	Sweden	IASC	55,545	13,098	F	W1
RISE207	Sweden	BASC	55,997	14,104	U	J1c8a1
RISE492	Russia	IARu	53,152	91,05	M	D4b1a2a2
RISE493	Russia	BARu	53,152	91,05	M	C4a1c
RISE494	Russia	BARu	53,152	91,05	M	I4a1
RISE495	Russia	BARu	52,954	90,187	M	D4j1
RISE496	Russia	BARu	52,954	90,187	F	U5a1a2a
RISE497	Russia	BARu	52,954	90,187	M	A+152+16362
RISE499	Russia	BARu	51,909	88,574	F	H5a1
RISE502	Russia	BARu	51,909	88,574	F	U5a1d
RISE504	Russia	IARu	53,456	85,447	F	C4a1d
RISE515	Russia	BARu	53,153	90,194	F	A8a
RISE516	Russia	BARu	53,153	90,194	F	H6a1b
RISE523	Russia	BARu	53,043	57,066	U	M12'G
RISE524	Russia	BARu	53,043	57,066	U	J2b1a
RISE525	Russia	BARu	53,043	57,066	U	I5c
RISE553	Russia	BARu	56,016	92,866	U	F1b
RISE554	Russia	BARu	56,016	92,866	U	F1b1b
RISE598	Lithuania	BABL	54,358	23,302	M	H2a2
